{
  "model": "distilbert-base-uncased-distilled-squad",
  "dataset": "SQuAD v1.1",
  "split": "validation",
  "sample_size": 500,
  "metrics": {
    "exact_match": 0.844,
    "f1_score": 0.8795133058905834
  },
  "score_statistics": {
    "f1_mean": 0.8795133058905834,
    "f1_median": 1.0,
    "f1_std": 0.3036714211650897,
    "em_correct_count": 422,
    "em_incorrect_count": 78
  },
  "error_patterns": {
    "empty_predictions": 3.8461538461538463,
    "partial_matches": 26.923076923076923,
    "wrong_entity": 12.820512820512821,
    "off_by_one": 0.0,
    "completely_wrong": 56.41025641025641
  },
  "question_type_performance": {
    "how": {
      "count": 103,
      "em_score": 0.8932038834951457,
      "f1_score": 0.8947323273677233
    },
    "which": {
      "count": 37,
      "em_score": 0.8918918918918919,
      "f1_score": 0.9235521235521236
    },
    "other": {
      "count": 33,
      "em_score": 0.7272727272727273,
      "f1_score": 0.8626262626262626
    },
    "what": {
      "count": 170,
      "em_score": 0.8411764705882353,
      "f1_score": 0.881564058194605
    },
    "when": {
      "count": 27,
      "em_score": 0.9629629629629629,
      "f1_score": 0.9876543209876544
    },
    "who": {
      "count": 99,
      "em_score": 0.797979797979798,
      "f1_score": 0.8232323232323232
    },
    "in": {
      "count": 16,
      "em_score": 0.8125,
      "f1_score": 0.8236607142857143
    },
    "where": {
      "count": 15,
      "em_score": 0.8,
      "f1_score": 0.9166666666666666
    }
  },
  "answer_length_performance": {
    "1-2": {
      "count": 395,
      "em_score": 0.8556962025316456,
      "f1_score": 0.8830964637006125,
      "avg_ref_length": 1.478481012658228,
      "avg_pred_length": 2.288607594936709
    },
    "3-5": {
      "count": 100,
      "em_score": 0.81,
      "f1_score": 0.8669545454545454,
      "avg_ref_length": 3.32,
      "avg_pred_length": 3.18
    },
    "6-10": {
      "count": 4,
      "em_score": 0.5,
      "f1_score": 0.8095238095238095,
      "avg_ref_length": 7.0,
      "avg_pred_length": 7.0
    },
    "11-20": {
      "count": 1,
      "em_score": 1.0,
      "f1_score": 1.0,
      "avg_ref_length": 16.0,
      "avg_pred_length": 16.0
    }
  },
  "confidence_statistics": {
    "mean_correct": 16.49606396067199,
    "mean_incorrect": 13.304339636594822
  }
}